date,precipitation,temp_max,temp_min,wind
01/01/12,1.8,10,3.3,5.1
02/01/12,0,10,0.6,8.7
03/01/12,0,0.6,-8.9,8.2
04/01/12,0,-1.7,-10.6,5.5
05/01/12,0,5.6,-3.3,5.4
06/01/12,0,12.2,0,4.6
07/01/12,0,16.1,2.2,4.7
08/01/12,0,8.9,0.6,6.2
09/01/12,0,3.9,-1.7,2.7
10/01/12,0,8.9,-1.1,5.5
11/01/12,3,8.3,-0.6,3.6
12/01/12,22.9,9.4,5.6,6.1
13/01/12,0,10,-1.7,11.4
14/01/12,0,1.1,-2.8,8.1
15/01/12,0,-2.2,-8.9,7.6
16/01/12,0,3.9,-10,5.3
17/01/12,5.8,10,2.8,5.2
18/01/12,0,11.7,-4.4,8.8
19/01/12,0,3.3,-7.8,4.7
20/01/12,0,2.8,-2.8,5.9
21/01/12,4.3,-1.7,-5,6.2
22/01/12,0,1.1,-7.8,4.2
23/01/12,5.8,10.6,0.6,5.1
24/01/12,0,12.2,4.4,5.4
25/01/12,0,7.8,2.8,5.6
26/01/12,4.6,6.7,1.1,2.6
27/01/12,7.4,14.4,6.7,7.3
28/01/12,0,7.8,2.8,6
29/01/12,0,6.7,0.6,7
30/01/12,0,5,1.1,7.1
31/01/12,0,13.9,2.8,4.9
01/02/12,0.8,17.8,5.6,5.2
02/02/12,0,10.6,2.2,5.7
03/02/12,0,7.2,-1.1,6.1
04/02/12,0,8.3,1.7,4.3
05/02/12,0,5,0.6,3.8
06/02/12,0,10.6,-1.7,6.3
07/02/12,0,10.6,1.1,5.7
08/02/12,1,3.9,-0.6,2.2
09/02/12,0,8.3,-0.6,5
10/02/12,0,7.2,-1.1,4.3
11/02/12,3,3.3,0.6,4.4
12/02/12,0,1.7,-6.1,9.5
13/02/12,0,6.7,-1.7,7.8
14/02/12,0.8,7.2,1.7,3.2
15/02/12,0.3,7.8,2.8,3
16/02/12,3,6.7,-0.6,2.4
17/02/12,1,11.7,2.8,5.3
18/02/12,0.3,7.8,2.2,5.4
19/02/12,0,7.8,0.6,4.1
20/02/12,0,8.9,-0.6,5.9
21/02/12,0,8.3,-3.3,4.7
22/02/12,0,13.9,2.2,5.4
23/02/12,0,16.1,5.6,5.5
24/02/12,9.4,7.8,3.3,5.8
25/02/12,0,8.3,1.7,12.3
26/02/12,0,7.2,-1.1,6
27/02/12,0,10.6,-0.6,6.4
28/02/12,0,10.6,3.3,6.1
29/02/12,12.4,7.2,1.1,4.9
01/03/12,2.8,5.6,2.2,4.7
02/03/12,3.8,6.1,0.6,5.4
03/03/12,3.6,13.3,6.1,5.8
04/03/12,0,8.3,2.2,5.6
05/03/12,0,7.8,-1.7,7.6
06/03/12,0,5,-3.3,6.3
07/03/12,0,11.7,2.8,6.3
08/03/12,0,15,7.8,8.2
09/03/12,1.8,11.7,2.8,7.9
10/03/12,0,6.1,-1.7,6
11/03/12,0,13.9,2.2,6.1
12/03/12,0,16.7,4.4,4
13/03/12,2,16.1,9.4,3.8
14/03/12,0,22.2,8.3,4.3
15/03/12,0,8.3,6.1,4.7
16/03/12,0.5,9.4,6.1,3.1
17/03/12,0,15,4.4,2.9
18/03/12,0,12.8,7.2,3.1
19/03/12,0,17.8,7.2,3.1
20/03/12,0,20.6,10.6,2.1
21/03/12,0,18.3,11.7,2.1
22/03/12,0,18.9,11.7,2.4
23/03/12,0,25,11.7,3.6
24/03/12,3,16.1,8.9,5.2
25/03/12,1,10.6,7.2,4.3
26/03/12,0,13.9,1.7,9.5
27/03/12,0,11.7,-0.6,6.5
28/03/12,0.3,17.8,5.6,5.2
29/03/12,0,17.2,6.7,8.9
30/03/12,1,12.2,3.9,5.1
31/03/12,8.9,6.7,3.9,4.8
01/04/12,7.6,11.1,5.6,3.8
02/04/12,2.5,14.4,4.4,8.4
03/04/12,0,18.9,4.4,5.5
04/04/12,0,21.1,8.3,6.7
05/04/12,0,15,5.6,5
06/04/12,0,15,2.8,5.1
07/04/12,0,16.7,4.4,6.8
08/04/12,0,20,7.8,6.7
09/04/12,0,18.3,10,9.7
10/04/12,0,16.7,6.1,6.3
11/04/12,0,12.2,6.1,5
12/04/12,0,16.7,6.7,5.3
13/04/12,0,16.7,6.7,4.8
14/04/12,0,18.9,7.2,4.3
15/04/12,0,24.4,12.8,3.6
16/04/12,0,25,12.2,3.4
17/04/12,0,27.2,13.9,5.6
18/04/12,0,17.2,10,4.8
19/04/12,0,17.2,9.4,3.4
20/04/12,0,18.9,9.4,3.6
21/04/12,2.5,18.9,12.2,5.3
22/04/12,54.4,13.9,9.4,7.6
23/04/12,6.9,14.4,6.1,7.4
24/04/12,0,17.2,5.6,8.4
25/04/12,0,15,4.4,3.4
26/04/12,1.5,15.6,5,3.8
27/04/12,0,13.9,5.6,9.9
28/04/12,0,14.4,4.4,5.9
29/04/12,0,18.3,6.7,5.6
30/04/12,0,13.9,6.1,4.4
01/05/12,23.9,21.1,11.1,4.8
02/05/12,0.8,12.2,10.6,3.6
03/05/12,16.5,13.9,10.6,3
04/05/12,7.1,20.6,11.7,2.5
05/05/12,1.8,15,12.8,2.5
06/05/12,0,16.7,10,2.9
07/05/12,0,15.6,10,3.4
08/05/12,2.3,17.8,12.8,7.8
09/05/12,35.6,17.2,14.4,3.5
10/05/12,5.6,19.4,10.6,6.2
11/05/12,0,21.7,10,6.2
12/05/12,0,23.9,10,4.1
13/05/12,0,23.9,14.4,4.8
14/05/12,0,21.1,16.1,4.2
15/05/12,14.5,17.2,15.6,5.3
16/05/12,0.5,22.2,15,3.5
17/05/12,0,22.8,12.8,4
18/05/12,0,20.6,10.6,3.6
19/05/12,0,25.6,11.1,2.9
20/05/12,0,25.6,12.8,4.9
21/05/12,44.7,17.8,15.6,3.8
22/05/12,4.1,20.6,16.1,2.3
23/05/12,0,23.3,15,2.6
24/05/12,11.7,20,16.7,4.4
25/05/12,2.3,23.3,17.2,2.9
26/05/12,4.8,27.2,17.2,3.4
27/05/12,3.6,25.6,18.3,2.9
28/05/12,0,29.4,20,2.9
29/05/12,0.3,28.9,21.7,5.4
30/05/12,0,25,18.9,2.5
31/05/12,0,27.8,18.3,4.3
01/06/12,11.4,22.2,16.7,7.4
02/06/12,20.6,24.4,16.7,6.3
03/06/12,0,25.6,14.4,5.2
04/06/12,5.6,18.3,12.2,5.2
05/06/12,0,19.4,10.6,3.2
06/06/12,1,21.7,11.7,4
07/06/12,0,24.4,15,3.8
08/06/12,0,25.6,15,4
09/06/12,0,26.7,17.2,2.6
10/06/12,2,26.7,18.3,3.2
11/06/12,0,23.9,17.8,5
12/06/12,27.4,22.8,17.8,5.8
13/06/12,34.8,20.6,18.3,3.4
14/06/12,0,22.8,16.7,4.5
15/06/12,0,26.7,15,3.7
16/06/12,0,26.1,15,4.1
17/06/12,0,21.1,13.9,3.7
18/06/12,0,20,12.8,3
19/06/12,0,23.3,16.7,4.3
20/06/12,0,34.4,20.6,4.3
21/06/12,0,36.1,26.1,4.4
22/06/12,4.8,34.4,22.2,3.7
23/06/12,16.5,30.6,20.6,4.3
24/06/12,0.8,27.8,18.3,3.8
25/06/12,48.3,23.9,16.7,4
26/06/12,0,24.4,13.9,7.6
27/06/12,0,28.9,18.3,6.5
28/06/12,0,30,20,4
29/06/12,1.5,33.3,21.7,4.7
30/06/12,0,33.9,23.9,5.3
01/07/12,0,32.8,21.1,4.7
02/07/12,0,31.7,22.2,4.2
03/07/12,0,31.1,21.1,4.7
04/07/12,1,31.7,22.2,4.6
05/07/12,0,35,25,4
06/07/12,0,30,22.2,3.7
07/07/12,1.8,37.2,23.9,3.8
08/07/12,0,31.7,23.9,3.7
09/07/12,0,28.9,21.7,4.2
10/07/12,0,28.3,21.1,3.6
11/07/12,0,28.3,21.1,2.5
12/07/12,0,28.9,20,3.3
13/07/12,0,29.4,21.7,3.7
14/07/12,0,30.6,23.9,4.6
15/07/12,4.1,30.6,22.8,4.5
16/07/12,0,33.9,22.2,4.4
17/07/12,0,32.8,24.4,5.1
18/07/12,5.3,35.6,23.3,4.3
19/07/12,0,25,22.2,3.1
20/07/12,11.4,22.2,16.7,4.7
21/07/12,0,24.4,16.7,3.2
22/07/12,0,26.7,18.3,3.4
23/07/12,1.3,28.9,20.6,5.2
24/07/12,0,35,23.3,6.3
25/07/12,0,30.6,19.4,5.2
26/07/12,12.4,31.1,22.2,4.8
27/07/12,0,32.2,22.8,4.3
28/07/12,1.8,27.2,20.6,3.4
29/07/12,0,26.1,20.6,2.6
30/07/12,0,26.1,19.4,3.4
31/07/12,0,26.1,21.1,3.1
01/08/12,1.8,27.8,22.2,3
02/08/12,0,30,21.7,4.9
03/08/12,0,30.6,23.3,4.1
04/08/12,0,31.1,23.3,4.3
05/08/12,4.6,30.6,22.8,7.4
06/08/12,5.8,32.2,22.8,4.4
07/08/12,0,27.2,20,2.7
08/08/12,0,30,21.7,2.4
09/08/12,0,30,22.8,4.2
10/08/12,53.8,27.8,21.1,4.7
11/08/12,0,29.4,23.9,5.1
12/08/12,0,29.4,23.3,4.2
13/08/12,0,30.6,21.7,4.6
14/08/12,0,27.2,21.1,2.6
15/08/12,11.2,28.3,20.6,2.6
16/08/12,0,31.1,20.6,3.8
17/08/12,0,29.4,20.6,4.5
18/08/12,9.4,27.2,17.8,3.4
19/08/12,0,25,17.2,3.1
20/08/12,0,25,18.9,2.8
21/08/12,0,27.2,20.6,2.8
22/08/12,0,27.8,19.4,3
23/08/12,0,27.8,20,3.6
24/08/12,0,29.4,20,2.4
25/08/12,0,28.9,21.1,3.6
26/08/12,0,27.2,19.4,3.6
27/08/12,13.2,27.8,20.6,4.3
28/08/12,2.5,31.7,23.3,5.9
29/08/12,0,26.1,19.4,3.4
30/08/12,0,28.9,16.7,4.3
31/08/12,0,32.2,18.3,6
01/09/12,0,33.3,22.8,4.9
02/09/12,0,27.2,21.7,3
03/09/12,15,24.4,21.1,5.3
04/09/12,15.7,26.7,21.7,4.4
05/09/12,4.1,28.9,22.2,4.4
06/09/12,0,26.7,20.6,2.4
07/09/12,0,28.3,21.1,4.2
08/09/12,7.6,28.3,18.9,7.2
09/09/12,0,24.4,18.3,3.4
10/09/12,0,23.9,15,6.4
11/09/12,0,24.4,12.2,3
12/09/12,0,25,15.6,3
13/09/12,0,24.4,16.7,3.7
14/09/12,0,25,17.2,4.4
15/09/12,0,23.9,16.1,6
16/09/12,0,23.9,14.4,3.6
17/09/12,0,24.4,13.3,3.5
18/09/12,40.1,25.6,20,10.4
19/09/12,0.3,22.2,13.9,5.2
20/09/12,0,21.7,12.2,4.3
21/09/12,0,22.2,13.9,3.1
22/09/12,7.4,24.4,13.3,5.4
23/09/12,0,21.1,13.3,5.1
24/09/12,0,20.6,11.1,3.8
25/09/12,0,22.8,13.3,7.2
26/09/12,0.8,23.9,18.3,5.2
27/09/12,0,25,18.9,3
28/09/12,11.2,23.3,16.7,4.8
29/09/12,0.8,18.9,15,2.8
30/09/12,0,21.1,13.9,4.1
01/10/12,0,22.2,12.2,5.1
02/10/12,8.4,21.7,17.2,2.6
03/10/12,0,23.3,18.3,1.7
04/10/12,10.4,23.9,19.4,1.5
05/10/12,0,25,16.1,3.5
06/10/12,0,24.4,12.2,5.8
07/10/12,4.1,13.3,8.3,3
08/10/12,0,13.3,7.2,2.3
09/10/12,0.8,15,11.1,4.9
10/10/12,5.6,20,12.2,6
11/10/12,0,15.6,8.9,6.4
12/10/12,0,15.6,6.1,6.6
13/10/12,0,12.8,2.8,4.1
14/10/12,0,22.2,12.8,7.5
15/10/12,4.6,20.6,16.1,6.3
16/10/12,0,16.1,8.9,6.7
17/10/12,0,15.6,5.6,2.2
18/10/12,0.5,18.9,7.2,3.7
19/10/12,7.1,19.4,16.7,5.9
20/10/12,0,21.1,12.8,4.2
21/10/12,0,20,10.6,5.1
22/10/12,0,20.6,10.6,5.2
23/10/12,0.8,18.9,11.1,1.5
24/10/12,0,16.7,13.9,2.5
25/10/12,0,16.7,12.2,2.5
26/10/12,0,21.7,13.9,1.6
27/10/12,0,19.4,15,3.4
28/10/12,0,15.6,11.7,8.4
29/10/12,13,18.9,11.1,16.2
30/10/12,1,15,8.9,9.1
31/10/12,0.3,11.1,7.8,5.3
01/11/12,0,11.1,7.2,6.3
02/11/12,0,12.2,6.1,6.5
03/11/12,0,11.1,5,7.3
04/11/12,0,11.7,3.9,5.7
05/11/12,0,8.3,2.2,6
06/11/12,0,7.2,-0.6,3.4
07/11/12,24.6,5,0,9.7
08/11/12,1,7.2,0,7.7
09/11/12,0,11.7,1.7,5.9
10/11/12,0,12.2,5.6,2.6
11/11/12,0,15.6,5,4.1
12/11/12,0,17.2,7.8,4.5
13/11/12,2,14.4,4.4,6
14/11/12,0,9.4,2.8,4.9
15/11/12,0,7.2,2.2,2.8
16/11/12,0,8.9,2.2,3.7
17/11/12,0,11.7,2.2,3.3
18/11/12,0,10.6,2.8,3.4
19/11/12,0,8.9,3.3,4.6
20/11/12,0,11.7,2.8,2.8
21/11/12,0,12.2,3.3,3.4
22/11/12,0,12.8,3.3,2.2
23/11/12,0.8,11.7,1.1,3
24/11/12,0.3,9.4,2.2,8.8
25/11/12,0,6.1,1.1,7.8
26/11/12,0,9.4,1.7,4.3
27/11/12,10.9,5.6,2.2,3.8
28/11/12,0,6.7,1.1,4.9
29/11/12,0,6.7,1.1,5.7
30/11/12,0,8.3,0.6,3.6
01/12/12,0,7.2,3.9,5.5
02/12/12,1,10,5,2.7
03/12/12,0,16.7,6.1,3
04/12/12,0.5,14.4,6.1,4.1
05/12/12,0,13.3,1.7,7.6
06/12/12,0,5,-1.1,3.3
07/12/12,3.3,8.3,-1.7,2.2
08/12/12,8.6,10,7.8,2.6
09/12/12,8.1,8.9,5.6,3.9
10/12/12,6.4,13.3,7.8,3.1
11/12/12,1.3,12.8,5,5.2
12/12/12,0,7.2,1.7,2.9
13/12/12,0,8.3,0.6,1.8
14/12/12,0,9.4,0,4.3
15/12/12,0,9.4,1.1,2.1
16/12/12,3.3,9.4,5,6.2
17/12/12,7.1,8.3,5.6,4.8
18/12/12,20.8,13.3,7.2,5.1
19/12/12,0,9.4,3.9,8.1
20/12/12,0,9.4,0,3.7
21/12/12,18,13.3,2.8,11.4
22/12/12,0,4.4,2.2,10.2
23/12/12,0,6.7,1.7,6.1
24/12/12,2.3,5,0,2.5
25/12/12,0.5,6.7,-0.6,5.4
26/12/12,18,6.1,-2.2,7.6
27/12/12,19.6,7.8,-0.6,10
28/12/12,0,4.4,-1.1,6.2
29/12/12,6.6,2.8,-2.2,4.2
30/12/12,0,2.8,-1.7,10.2
31/12/12,0,3.9,-2.2,7.1
01/01/13,0,5,-2.8,6.8
02/01/13,0,1.7,-5,6.5
03/01/13,0,0.6,-3.9,5.2
04/01/13,0,3.9,-1.1,7.3
05/01/13,0,7.2,0,5.2
06/01/13,0,7.2,0.6,4.6
07/01/13,0,8.3,-1.1,3.7
08/01/13,0,9.4,-1.1,4.7
09/01/13,0,8.9,0.6,3.5
10/01/13,0,10,2.8,5.3
11/01/13,14.7,8.3,0.6,2.8
12/01/13,1.5,9.4,6.1,2.7
13/01/13,0.3,8.3,5.6,2.6
14/01/13,0.8,14.4,3.9,4.2
15/01/13,2.8,3.9,1.7,3.9
16/01/13,20.8,3.3,0.6,4.2
17/01/13,0,7.8,2.2,5.2
18/01/13,0,2.2,-3.9,5.8
19/01/13,0,11.1,-0.6,7.2
20/01/13,0,13.3,-0.6,8.1
21/01/13,0.8,0.6,-3.3,3.8
22/01/13,0,-2.2,-10,8.2
23/01/13,0,-6.1,-11.1,6.2
24/01/13,0,-3.3,-10.6,6.9
25/01/13,1.3,-4.4,-10,4
26/01/13,0,-2.8,-10,5.7
27/01/13,0,1.7,-7.8,4.2
28/01/13,4.8,1.7,-4.4,3.8
29/01/13,0.8,8.9,1.1,3.2
30/01/13,0.8,11.1,5,7.6
31/01/13,11.4,13.3,-1.1,12.9
01/02/13,0,0.6,-4.4,8.8
02/02/13,0.5,-0.6,-6.7,5.9
03/02/13,0.8,0,-5.6,3.2
04/02/13,0,0,-4.4,7.1
05/02/13,0.3,0,-2.2,2.5
06/02/13,0,5,-1.7,5.4
07/02/13,0,0.6,-5,3.1
08/02/13,19.8,2.2,-2.8,8.9
09/02/13,4.6,0,-6.1,9.1
10/02/13,0,1.1,-8.3,2.6
11/02/13,11.7,7.2,1.1,3.2
12/02/13,0,8.3,2.8,6.4
13/02/13,0.3,6.1,-2.2,2.3
14/02/13,0,7.2,0,3.9
15/02/13,0,9.4,0,3.7
16/02/13,0,7.2,-0.6,6.3
17/02/13,0,1.1,-7.8,12.1
18/02/13,0,2.2,-7.8,7.3
19/02/13,3.3,7.2,-0.6,6.9
20/02/13,0,3.9,-3.3,9.5
21/02/13,0,2.8,-4.4,9.3
22/02/13,0,3.3,-3.3,4.2
23/02/13,9.7,6.7,2.2,5.2
24/02/13,0.8,9.4,1.1,7.2
25/02/13,0,7.8,-0.6,3.8
26/02/13,2.5,6.7,-0.6,5.7
27/02/13,15.2,9.4,3.3,8
28/02/13,0,10.6,4.4,4.1
01/03/13,0,8.3,2.2,5.8
02/03/13,0,5,0,5.5
03/03/13,0,5.6,-1.7,6.6
04/03/13,0,6.7,-2.8,8.9
05/03/13,0,8.9,-0.6,4.6
06/03/13,0,7.2,1.7,10.5
07/03/13,1.8,3.9,0.6,9.6
08/03/13,6.9,4.4,-0.6,8.3
09/03/13,0,12.8,1.1,5.6
10/03/13,0,6.1,-0.6,3.2
11/03/13,0,11.1,3.9,4.4
12/03/13,16.8,11.7,6.1,8.4
13/03/13,0,11.7,3.3,5.5
14/03/13,0,5.6,-1.1,10.1
15/03/13,0,8.9,-1.1,6.4
16/03/13,0.5,5,0.6,3.1
17/03/13,0,3.9,-1.1,5.5
18/03/13,11.9,2.2,-3.3,6.4
19/03/13,11.7,7.2,1.7,6.2
20/03/13,0,8.3,0,6.9
21/03/13,0,3.9,-0.6,5.6
22/03/13,0,6.7,-1.7,6.3
23/03/13,0,8.9,0,8.2
24/03/13,0,8.3,0,3.9
25/03/13,6.4,4.4,1.1,4.3
26/03/13,0,11.7,2.2,4.2
27/03/13,0,12.2,1.7,6.5
28/03/13,0,11.7,2.8,6.5
29/03/13,0,13.3,5,5.7
30/03/13,0,14.4,3.9,4.2
31/03/13,3,11.1,1.7,4.9
01/04/13,0,17.2,2.8,6.7
02/04/13,0,7.2,0.6,7.3
03/04/13,0,8.9,0.6,8.1
04/04/13,0,7.2,0,5.2
05/04/13,0,17.8,4.4,5.6
06/04/13,0,9.4,2.2,5.7
07/04/13,0,11.1,2.8,7.3
08/04/13,0,20,5.6,3.1
09/04/13,0,28.3,8.3,3
10/04/13,15,21.7,11.7,4.1
11/04/13,0,15.6,8.3,5.1
12/04/13,22.1,8.9,5,8.1
13/04/13,0.3,14.4,3.9,4
14/04/13,0,15,7.2,5.1
15/04/13,0,11.7,6.1,3.6
16/04/13,0,14.4,7.2,6.5
17/04/13,0.3,21.1,8.3,3.4
18/04/13,0,13.9,7.2,5.4
19/04/13,1.8,18.3,10,9.3
20/04/13,4.6,15,7.2,7.7
21/04/13,0,12.2,2.8,4.7
22/04/13,0,11.7,2.8,6.9
23/04/13,0,11.1,5.6,6.5
24/04/13,0,14.4,5.6,6.2
25/04/13,0,17.8,7.8,6.8
26/04/13,0,18.3,6.1,3.8
27/04/13,0,18.9,7.8,4
28/04/13,0,17.2,7.2,3.8
29/04/13,1.3,12.8,10,3.9
30/04/13,0,17.2,7.8,4.3
01/05/13,0,18.3,6.1,3.5
02/05/13,0,17.2,6.7,2.7
03/05/13,0,16.1,8.3,3.8
04/05/13,0,17.8,7.2,4
05/05/13,0,13.9,6.7,4.6
06/05/13,0,16.7,7.2,2.5
07/05/13,0,22.2,8.9,3.7
08/05/13,39.1,17.8,12.8,4.5
09/05/13,19.1,21.1,12.8,3.4
10/05/13,0,24.4,12.2,4.3
11/05/13,9.9,18.3,15,6
12/05/13,0.5,21.1,10.6,8.2
13/05/13,0,14.4,7.8,7.3
14/05/13,0,15.6,6.1,5.1
15/05/13,0.8,16.7,8.9,5.1
16/05/13,0,23.3,13.3,3.8
17/05/13,0,22.8,12.8,3.9
18/05/13,0.3,17.2,12.2,2.6
19/05/13,11.4,14.4,12.8,4.8
20/05/13,0,22.2,13.9,3.2
21/05/13,0,25,15.6,4
22/05/13,0,22.2,14.4,3.4
23/05/13,0.8,21.7,16.1,8.1
24/05/13,5.1,20.6,7.8,6.1
25/05/13,1.8,13.9,7.2,9.8
26/05/13,0,20,8.9,7.9
27/05/13,0,21.1,8.9,5.1
28/05/13,13.7,20,11.7,2.4
29/05/13,0,23.9,13.3,2.2
30/05/13,0,30,17.2,3.8
31/05/13,0,28.9,18.3,4.6
01/06/13,0,26.1,17.8,5.2
02/06/13,0.3,23.3,17.2,5.8
03/06/13,9.4,24.4,16.7,3.8
04/06/13,0,24.4,15,5.9
05/06/13,0,21.7,13.9,4.1
06/06/13,0.8,21.7,14.4,4.3
07/06/13,101.9,17.8,15.6,6
08/06/13,9.7,24.4,13.9,5
09/06/13,0,25.6,17.8,3.2
10/06/13,35.1,20.6,17.2,4.6
11/06/13,0.5,27.2,18.3,7.5
12/06/13,0,25.6,16.1,6.8
13/06/13,25.1,18.9,13.3,6.3
14/06/13,3.8,22.2,12.2,5.9
15/06/13,0,27.8,16.7,4
16/06/13,0,26.7,16.7,4.7
17/06/13,3.3,27.8,19.4,4.2
18/06/13,5.1,25.6,18.3,2.9
19/06/13,0,25,15.6,4.6
20/06/13,0,23.3,15,5
21/06/13,0,24.4,15,4.9
22/06/13,0,25,16.1,4.4
23/06/13,0.8,26.7,18.3,4.8
24/06/13,0,32.2,21.1,4.8
25/06/13,0,32.8,21.1,5
26/06/13,2.5,29.4,21.7,4.9
27/06/13,3.3,28.9,21.7,4
28/06/13,0,27.8,21.7,5.8
29/06/13,0,26.7,20.6,5.3
30/06/13,0.5,27.2,20.6,4.3
01/07/13,24.9,25.6,21.7,5.1
02/07/13,6.4,26.1,21.7,5.4
03/07/13,2.3,27.2,21.1,4.3
04/07/13,0,28.9,22.2,4.7
05/07/13,0,30.6,22.8,4.7
06/07/13,0,33.9,23.9,5
07/07/13,0,31.1,25.6,4.7
08/07/13,0,30.6,23.3,5.8
09/07/13,0,30.6,22.8,4.5
10/07/13,1.5,29.4,22.2,4
11/07/13,0,31.1,22.8,3.1
12/07/13,6.9,26.1,21.1,5.5
13/07/13,0,29.4,21.7,3.4
14/07/13,0,31.7,22.8,5
15/07/13,0,36.1,25,3
16/07/13,0,35.6,25.6,4.7
17/07/13,0,35,26.1,3.2
18/07/13,0,37.8,25,4.1
19/07/13,0,35,26.7,5.2
20/07/13,0.5,35.6,25,6.2
21/07/13,0,31.1,23.9,3.7
22/07/13,2.3,30,23.3,3.4
23/07/13,10.2,30.6,22.8,5
24/07/13,0,31.1,21.1,4.8
25/07/13,0.8,21.1,17.2,6
26/07/13,0,28.9,17.8,4.8
27/07/13,0,27.2,20,3.7
28/07/13,1.8,25.6,20,3.6
29/07/13,0,28.9,21.7,3.8
30/07/13,0,29.4,19.4,3.9
31/07/13,0,27.8,20,3.6
01/08/13,16.5,25,20,4.5
02/08/13,0,29.4,20,4.6
03/08/13,0,25.6,21.1,5
04/08/13,0,28.3,19.4,4.9
05/08/13,0,26.7,17.8,4.7
06/08/13,0,26.7,17.8,3.9
07/08/13,0,26.7,21.1,4.9
08/08/13,18.3,27.2,21.1,6.1
09/08/13,0.3,27.8,23.3,6
10/08/13,0,29.4,21.7,4.6
11/08/13,0,27.2,18.9,3.7
12/08/13,12.2,26.7,20.6,2.3
13/08/13,18.8,24.4,20.6,2.9
14/08/13,0,25,16.1,7.4
15/08/13,0,25,15.6,4.5
16/08/13,0,26.1,17.2,2.9
17/08/13,0,27.2,16.7,2.5
18/08/13,0,25.6,18.9,2
19/08/13,0,25.6,18.3,5
20/08/13,0,29.4,20,3.6
21/08/13,0,31.1,20.6,3.9
22/08/13,2,26.7,22.2,3.4
23/08/13,0,28.9,20.6,5.3
24/08/13,0,26.1,17.8,4.1
25/08/13,0,27.2,17.2,5
26/08/13,0.5,28.9,20,5.9
27/08/13,0.8,31.1,22.2,5.1
28/08/13,0,29.4,20.6,2.1
29/08/13,0,27.8,21.1,4
30/08/13,0,28.3,20.6,4.8
31/08/13,0,28.3,22.2,5
01/09/13,0.5,28.9,22.8,3.9
02/09/13,0,27.8,22.2,2.7
03/09/13,0.3,29.4,20.6,4.1
04/09/13,0,27.8,18.9,5.9
05/09/13,0,27.8,17.8,5.5
06/09/13,0,22.2,13.3,3.4
07/09/13,0,25.6,14.4,5.2
08/09/13,0,30.6,16.7,5.8
09/09/13,0,22.2,12.2,4.1
10/09/13,0,27.2,21.1,5.5
11/09/13,0,31.1,22.2,4.8
12/09/13,7.4,27.8,21.1,4.5
13/09/13,2.3,26.7,15,5.5
14/09/13,0,21.1,12.8,5.5
15/09/13,0,22.2,10.6,4.1
16/09/13,0.5,23.9,13.9,4.6
17/09/13,0,18.9,9.4,4.7
18/09/13,0,21.1,10,3.5
19/09/13,0,23.9,12.2,4.6
20/09/13,0,24.4,13.3,3.7
21/09/13,8.4,23.9,13.9,5.3
22/09/13,29.5,22.2,12.8,6.6
23/09/13,0,20,10,5.1
24/09/13,0,23.9,8.9,4
25/09/13,0,22.2,10.6,2.9
26/09/13,0,21.1,12.2,3.1
27/09/13,0,20.6,11.1,3.3
28/09/13,0,23.3,13.3,2.9
29/09/13,0,22.2,12.2,2.8
30/09/13,0,22.2,11.1,2.9
01/10/13,0,27.2,14.4,3.6
02/10/13,0,29.4,15.6,4.1
03/10/13,0,25,15.6,2.8
04/10/13,0,26.7,16.7,2.9
05/10/13,0.3,24.4,17.8,3
06/10/13,0,20.6,18.3,4.4
07/10/13,6.6,25.6,16.1,7.4
08/10/13,0,20,12.8,5.1
09/10/13,0,18.3,11.7,4.8
10/10/13,0,18.9,13.3,7.1
11/10/13,0,20.6,15.6,6.9
12/10/13,0,23.9,15,6.7
13/10/13,0,20,10.6,5.1
14/10/13,0,18.9,9.4,2.5
15/10/13,0,21.1,10,2.6
16/10/13,0,19.4,12.2,2.4
17/10/13,0.3,22.2,16.1,4.8
18/10/13,0,21.1,13.3,6.7
19/10/13,0,18.3,10,3.2
20/10/13,0,17.8,10,5.4
21/10/13,0,18.9,9.4,5.2
22/10/13,0,20,10.6,5.2
23/10/13,0,12.8,7.2,3.8
24/10/13,0,13.3,5,6.7
25/10/13,0,13.3,3.9,5.9
26/10/13,0,13.3,4.4,6.4
27/10/13,0,14.4,8.3,5.8
28/10/13,0,15.6,4.4,4.1
29/10/13,0,13.9,6.7,2.6
30/10/13,0,16.1,6.7,2.2
31/10/13,1.3,19.4,11.7,5.4
01/11/13,1.8,20.6,14.4,7.3
02/11/13,0,19.4,11.7,3.2
03/11/13,0,13.3,3.3,6.5
04/11/13,0,8.9,1.1,4.4
05/11/13,0,13.3,3.3,2.9
06/11/13,0,16.1,6.1,3.8
07/11/13,3.3,17.8,6.7,6
08/11/13,0,11.1,5,6.8
09/11/13,0,10,3.9,5.1
10/11/13,0,16.7,6.7,7.8
11/11/13,0,12.2,6.1,6.1
12/11/13,1.3,11.1,0,7.6
13/11/13,0,5,-1.6,6.1
14/11/13,0,11.7,1.1,6.8
15/11/13,0,11.7,2.2,3.7
16/11/13,2,13.3,6.1,2.2
17/11/13,0.3,16.7,7.8,3.1
18/11/13,4.1,19.4,11.1,7.3
19/11/13,0,11.1,2.2,9.6
20/11/13,0,7.8,-0.5,4.7
21/11/13,0,11.1,-0.5,3.1
22/11/13,1.8,13.9,9.4,3.7
23/11/13,0,12.8,0,8.5
24/11/13,0,0,-4.3,10.9
25/11/13,0,2.2,-4.9,6.2
26/11/13,14.2,11.7,1.1,4.1
27/11/13,35.8,16.1,2.2,9.7
28/11/13,0,2.8,-1,7
29/11/13,0,5,-1,4
30/11/13,0,6.7,-3.8,3.3
01/12/13,0,9.4,2.8,3
02/12/13,0,10.6,3.3,1.9
03/12/13,0,12.2,3.3,2.7
04/12/13,0,10.6,1.7,1.7
05/12/13,0.3,13.3,8.3,3.2
06/12/13,14.5,13.3,2.8,5
07/12/13,4.3,6.1,0,5.7
08/12/13,0.8,1.1,-2.1,4.1
09/12/13,6.4,5.6,0,5.5
10/12/13,7.1,3.3,-1,5.5
11/12/13,0,0,-2.7,8.2
12/12/13,0,-1,-4.9,7.2
13/12/13,0,2.2,-4.3,6.8
14/12/13,14.5,6.1,-3.8,6.6
15/12/13,20.8,8.3,0.6,6.8
16/12/13,0,1.7,-3.8,6.3
17/12/13,3.3,1.1,-3.8,4.4
18/12/13,0,3.3,-3.8,5.9
19/12/13,0,7.2,-1.6,4.4
20/12/13,0,10.6,2.2,2.6
21/12/13,0,12.8,5.6,2.8
22/12/13,0,17.8,10,5.9
23/12/13,12.4,13.9,6.1,3.8
24/12/13,0,6.1,-2.7,6.9
25/12/13,0,0,-6.6,4.6
26/12/13,0,3.3,-2.1,3.8
27/12/13,0,5.6,-0.5,4.9
28/12/13,0,11.7,-0.5,5.4
29/12/13,30,9.4,3.3,4.5
30/12/13,0,8.3,-4.3,6
31/12/13,0,1.1,-6,5.3
01/01/14,0,1.1,-4.3,4
02/01/14,3.3,0.6,-7.1,8.1
03/01/14,5.6,-7.1,-12.7,8.8
04/01/14,0,-0.5,-16,3.2
05/01/14,2.5,9.4,-4.9,3.1
06/01/14,10.4,11.7,-6.6,9.4
07/01/14,0,-6.6,-14.3,10.2
08/01/14,0,-4.3,-12.1,5.7
09/01/14,0,1.1,-5.5,3
10/01/14,4.8,3.3,-4.3,1.7
11/01/14,18.3,12.2,3.3,7.2
12/01/14,0,11.1,0.6,6.7
13/01/14,0,10,-1,5.4
14/01/14,14,8.9,6.1,4
15/01/14,0,6.7,0,2.2
16/01/14,0,5.6,1.7,3.1
17/01/14,0,7.2,-2.1,3.2
18/01/14,6.1,5.6,-2.1,4.8
19/01/14,0,3.3,-3.2,7.1
20/01/14,0,8.9,0.6,6.7
21/01/14,8.9,0.6,-10.5,7.1
22/01/14,0.3,-7.7,-13.8,8.5
23/01/14,0,-6,-13.2,6.2
24/01/14,0,-6.6,-11.6,7.7
25/01/14,1,-1,-6.6,9.3
26/01/14,0,2.2,-7.7,7.5
27/01/14,0,7.2,-5.5,6.4
28/01/14,0,-5.5,-9.9,4.4
29/01/14,1.3,-4.3,-8.8,6
30/01/14,0,-2.1,-9.9,3.5
31/01/14,0,6.1,-3.8,4.2
01/02/14,0,6.1,-1,1.8
02/02/14,0,11.1,-1,3.2
03/02/14,27.4,6.7,-2.1,5.4
04/02/14,0,1.7,-5.5,2.6
05/02/14,30.5,1.7,-1,4.9
06/02/14,0,0,-4.3,5.1
07/02/14,0,0,-3.8,6
08/02/14,0,-1.6,-6,3.8
09/02/14,3.3,-1,-6.6,3.8
10/02/14,0,-1.6,-6,6.8
11/02/14,0,-3.8,-8.8,5.6
12/02/14,0,-2.7,-11,3.6
13/02/14,32.3,2.2,-3.2,9.4
14/02/14,3.3,5,0,8.6
15/02/14,2.8,2.8,-2.1,6.7
16/02/14,0,-1,-5.5,7.5
17/02/14,0,0,-7.1,4.6
18/02/14,3.8,4.4,-3.2,4.1
19/02/14,7.9,6.7,-2.7,3.7
20/02/14,0.5,6.7,0.6,3.5
21/02/14,3.6,8.3,1.7,4.6
22/02/14,0,11.7,1.1,5.1
23/02/14,0,12.8,1.7,3
24/02/14,0.5,7.2,-2.1,8.1
25/02/14,0,1.7,-3.2,5.7
26/02/14,0.8,0.6,-6.6,5.2
27/02/14,0,1.7,-9.3,6.7
28/02/14,0,-3.2,-11.6,4.7
01/03/14,0,2.2,-8.2,2.7
02/03/14,0,6.1,-1,3.4
03/03/14,1,1.7,-7.7,6.2
04/03/14,0,-1.6,-10.5,3.5
05/03/14,0,4.4,-3.8,3.4
06/03/14,0,-0.5,-8.2,4.3
07/03/14,0,2.2,-2.7,5.1
08/03/14,0,15.6,0,5.1
09/03/14,0,8.3,2.2,6.2
10/03/14,0,10.6,1.7,4.7
11/03/14,0,18.3,3.3,4.1
12/03/14,3.8,13.9,1.1,6.6
13/03/14,0,1.1,-7.1,12.6
14/03/14,0,5.6,-5.5,6.7
15/03/14,0.3,16.1,4.4,7.2
16/03/14,0,6.1,-0.5,6.9
17/03/14,0,1.1,-3.8,4.7
18/03/14,0,6.1,-3.8,4.2
19/03/14,18.3,7.8,-2.1,6.7
20/03/14,0,13.3,5.6,7.7
21/03/14,0,12.2,1.1,6.4
22/03/14,0,18.3,1.7,6.1
23/03/14,0,7.8,-2.1,6.9
24/03/14,0,2.2,-5.5,5.4
25/03/14,0,3.9,-4.9,3.8
26/03/14,0,3.9,-3.8,11
27/03/14,0,3.9,-4.9,6.2
28/03/14,0,10.6,2.2,5.9
29/03/14,66,11.1,5,4.8
30/03/14,13.5,12.8,4.4,7.4
31/03/14,5.3,13.3,1.1,8.8
01/04/14,0,13.9,2.8,4.5
02/04/14,0.8,8.9,3.3,1.7
03/04/14,2,17.2,3.9,2.6
04/04/14,2.5,7.2,5,6.2
05/04/14,0,13.9,5,7.4
06/04/14,0,13.9,2.8,4.7
07/04/14,8.9,10.6,2.8,4.9
08/04/14,6.4,18.9,8.3,6.1
09/04/14,0,17.8,6.1,6.8
10/04/14,0,11.7,3.3,7.3
11/04/14,0,20.6,8.3,3.9
12/04/14,0,20,9.4,4.9
13/04/14,0,18.3,8.3,6.7
14/04/14,0,18.9,10.6,10.1
15/04/14,16.5,13.3,1.1,10.3
16/04/14,2,9.4,0,7.3
17/04/14,0,8.3,1.7,5.6
18/04/14,0,7.8,2.2,3
19/04/14,0,20,4.4,4.4
20/04/14,0,12.2,5.6,5.1
21/04/14,0,14.4,2.8,2.8
22/04/14,0,16.7,7.2,3.8
23/04/14,0,17.2,7.2,10.1
24/04/14,0,17.8,6.1,9.5
25/04/14,0,15,6.1,4.3
26/04/14,18,19.4,7.8,4.7
27/04/14,0,16.1,7.8,6.2
28/04/14,0,18.9,7.2,4.6
29/04/14,1.3,10.6,6.7,8.9
30/04/14,118.9,13.3,5.6,8.5
01/05/14,6.1,21.7,11.7,5.9
02/05/14,0.3,20.6,11.1,5.1
03/05/14,0,18.9,9.4,4.5
04/05/14,0,18.9,11.7,8.3
05/05/14,0,20.6,10,7.4
06/05/14,0,20.6,10,4.7
07/05/14,0,17.8,10,4.3
08/05/14,9.7,14.4,10.6,2.2
09/05/14,1,17.2,13.3,3.9
10/05/14,20.1,25,12.2,4
11/05/14,0.5,26.1,16.1,4.2
12/05/14,0,24.4,13.3,3.8
13/05/14,0,21.1,10.6,5.2
14/05/14,0,17.8,10,3.4
15/05/14,3.6,21.7,15.6,6.7
16/05/14,32,18.9,15.6,9.2
17/05/14,0,21.1,12.8,4.7
18/05/14,0,20.6,11.1,4.6
19/05/14,0,23.3,10,5
20/05/14,0,26.1,12.8,4.8
21/05/14,0,23.9,15.6,3.5
22/05/14,8.1,16.7,14.4,3.1
23/05/14,8.1,20.6,13.9,2.9
24/05/14,1.3,21.1,13.9,3.7
25/05/14,0,25.6,13.3,4.1
26/05/14,0,29.4,15.6,5.6
27/05/14,0,28.9,17.8,4.2
28/05/14,0,19.4,11.7,5.1
29/05/14,0,16.7,11.1,3.6
30/05/14,0.8,21.1,11.7,3.3
31/05/14,0,22.2,12.8,4.9
01/06/14,0,23.9,12.2,3.7
02/06/14,0,23.3,13.9,4.6
03/06/14,0,26.7,16.7,3.4
04/06/14,0,27.8,17.2,3.3
05/06/14,12.7,25,16.7,5.5
06/06/14,0,26.1,17.2,5.8
07/06/14,0,26.7,16.1,3.7
08/06/14,0,29.4,16.1,2.8
09/06/14,24.1,20,17.2,2.7
10/06/14,0,25.6,19.4,2.2
11/06/14,0,21.1,16.1,5.4
12/06/14,0.3,24.4,16.1,4.7
13/06/14,25.1,27.2,19.4,3.4
14/06/14,0,26.1,16.7,5.6
15/06/14,0,27.8,15.6,5.2
16/06/14,0,25,17.8,3.4
17/06/14,0,27.8,20,3.6
18/06/14,0,32.8,23.3,5.3
19/06/14,1.3,24.4,20.6,3.7
20/06/14,0,28.3,18.3,4.9
21/06/14,0,23.9,16.7,3.7
22/06/14,0,25,16.1,2.7
23/06/14,0,27.2,16.7,3.8
24/06/14,0,26.1,18.3,6.4
25/06/14,2.3,28.3,20,5.6
26/06/14,0.5,31.7,21.1,3.8
27/06/14,0,26.1,18.3,3.5
28/06/14,0,30,18.9,3.8
29/06/14,0,26.1,18.3,4.1
30/06/14,0,26.7,19.4,5.8
01/07/14,0,28.9,21.7,6.7
02/07/14,13.2,29.4,21.7,5.3
03/07/14,8.9,29.4,21.7,3.9
04/07/14,8.1,24.4,18.9,6.7
05/07/14,0,28.9,18.3,6.1
06/07/14,0,28.3,18.9,5.7
07/07/14,0,28.3,21.1,5.5
08/07/14,0,31.1,22.2,6.5
09/07/14,0.3,28.9,21.7,5.2
10/07/14,0.8,29.4,21.7,2.8
11/07/14,0,29.4,19.4,3.2
12/07/14,0,27.8,18.9,4.3
13/07/14,1.5,26.7,20.6,7.2
14/07/14,47.5,28.3,21.1,3
15/07/14,26.2,27.8,20.6,3.1
16/07/14,0.3,28.3,21.1,3.8
17/07/14,0,27.8,19.4,4
18/07/14,0,28.9,18.3,3
19/07/14,0,26.1,20,3
20/07/14,0,25.6,20,3.9
21/07/14,0,28.3,18.3,3
22/07/14,0,28.9,20,5.6
23/07/14,0.5,28.3,21.7,6
24/07/14,0,28.3,22.2,4.7
25/07/14,0,28.3,19.4,4.5
26/07/14,2.3,27.2,20.6,4.5
27/07/14,0.3,28.9,21.7,5.3
28/07/14,13,28.9,20.6,7.2
29/07/14,0,26.1,17.8,4.7
30/07/14,0,26.7,17.8,4.1
31/07/14,0,27.8,18.3,5.3
01/08/14,0,27.8,21.7,3.6
02/08/14,10.2,24.4,18.3,3.7
03/08/14,2.3,25.6,18.9,2.1
04/08/14,0,27.2,21.1,4.4
05/08/14,0,29.4,21.1,3.8
06/08/14,0,29.4,21.7,4
07/08/14,0,30,19.4,4.9
08/08/14,0,28.9,18.3,2.9
09/08/14,0,30,18.9,3.3
10/08/14,0,30.6,20,3.2
11/08/14,0,28.9,19.4,3.5
12/08/14,8.6,26.7,22.2,6.8
13/08/14,74.2,29.4,20,6.3
14/08/14,0,26.7,18.3,5.7
15/08/14,0,24.4,16.7,4.8
16/08/14,0,25,17.2,4.6
17/08/14,0,29.4,18.9,5.1
18/08/14,0,27.8,17.2,3.6
19/08/14,0,26.7,17.8,3.3
20/08/14,0,26.7,18.9,2.4
21/08/14,5.3,26.1,19.4,3.2
22/08/14,3.3,25.6,19.4,3.5
23/08/14,0,23.3,18.9,2.7
24/08/14,0,27.2,16.7,2.9
25/08/14,0,30.6,17.2,2.1
26/08/14,0,27.8,19.4,3
27/08/14,0,30,19.4,3.8
28/08/14,0,28.9,20,5.9
29/08/14,0,25.6,17.2,3.9
30/08/14,0,25.6,17.2,4.3
31/08/14,3.6,29.4,22.8,4.5
01/09/14,0,30,23.3,3.9
02/09/14,0,33.3,23.3,5
03/09/14,0,31.1,22.2,4.2
04/09/14,0,29.4,20,3.8
05/09/14,0,29.4,21.7,4.3
06/09/14,1,30,20,4.8
07/09/14,0,27.8,18.9,3
08/09/14,0,25.6,18.3,4.9
09/09/14,0,23.9,17.8,5
10/09/14,0,25.6,17.2,3.5
11/09/14,0,29.4,20.6,5.8
12/09/14,0,26.1,17.2,4.8
13/09/14,7.4,21.1,15.6,4.9
14/09/14,0,22.2,12.2,3.8
15/09/14,0,21.7,12.8,3.6
16/09/14,6.6,19.4,15.6,2.4
17/09/14,0,22.8,12.8,2.8
18/09/14,0,25.6,13.9,2.7
19/09/14,0,19.4,13.3,4.9
20/09/14,9.4,23.9,12.2,4.1
21/09/14,5.3,25,19.4,2.3
22/09/14,0,22.8,12.8,7.1
23/09/14,0,20.6,10.6,2.9
24/09/14,0,22.2,13.3,4.6
25/09/14,5.8,17.8,15.6,6.5
26/09/14,0,26.1,15,3.7
27/09/14,0,28.9,16.7,3
28/09/14,0,25.6,16.7,3.3
29/09/14,0,25.6,17.8,2.4
30/09/14,0.8,21.1,16.7,2.6
01/10/14,0,19.4,16.7,5.1
02/10/14,0,20,16.1,3.7
03/10/14,0,20,12.8,3.2
04/10/14,17.8,22.2,11.1,7.3
05/10/14,0,16.1,8.3,5.8
06/10/14,0,21.1,7.2,6.2
07/10/14,0.5,23.3,18.3,7.6
08/10/14,0.5,23.9,16.7,7.7
09/10/14,0,20.6,13.3,6.3
10/10/14,0,17.8,11.1,2.5
11/10/14,11.4,15,10,3.7
12/10/14,0,18.3,7.8,2.9
13/10/14,2,18.9,7.8,2.6
14/10/14,0,23.9,17.8,6
15/10/14,0.3,24.4,20,7.5
16/10/14,19.8,21.7,15.6,5.7
17/10/14,0,22.2,15.6,5.8
18/10/14,0,22.2,13.9,5.7
19/10/14,0,14.4,6.7,7.7
20/10/14,0,16.1,5.6,4.5
21/10/14,1.3,19.4,11.7,2.9
22/10/14,36.1,14.4,11.1,8.1
23/10/14,3,12.2,10.6,9.2
24/10/14,0,17.2,10.6,4.9
25/10/14,0,20,10,5.3
26/10/14,0,18.3,12.2,7.7
27/10/14,0,17.8,10,5
28/10/14,0,21.1,8.9,3.2
29/10/14,0.8,23.3,11.1,4.3
30/10/14,0,16.1,7.8,4.1
31/10/14,0.3,12.8,7.8,4.5
01/11/14,26.2,9.4,6.1,8.2
02/11/14,0,10,5,11.7
03/11/14,0,16.1,4.4,6.7
04/11/14,0,19.4,10,4.5
05/11/14,0,18.3,11.1,4.3
06/11/14,10.9,12.2,9.4,2.8
07/11/14,0,12.2,5,8.1
08/11/14,0,8.9,2.2,5.3
09/11/14,0,13.9,6.7,3.7
10/11/14,0,15,3.3,1.9
11/11/14,0,17.8,5.6,2.4
12/11/14,0,18.9,7.2,3.2
13/11/14,2.8,9.4,3.3,3.7
14/11/14,1.8,6.7,2.8,6.4
15/11/14,0,6.1,-1,4.1
16/11/14,0,7.2,-0.5,3.3
17/11/14,34.8,12.8,4.4,3.9
18/11/14,0,7.8,-3.8,10.6
19/11/14,0,2.8,-4.9,7.2
20/11/14,0,8.9,0,7.4
21/11/14,0,3.3,-2.1,6.9
22/11/14,0,6.7,-3.2,6.1
23/11/14,0,12.8,6.1,4.3
24/11/14,11.4,17.8,12.8,8.8
25/11/14,0,16.7,8.9,4.9
26/11/14,25.4,11.1,2.2,7
27/11/14,0.5,3.9,2.2,4.9
28/11/14,0,5,-2.1,6
29/11/14,0,7.8,-3.2,2.8
30/11/14,0,11.7,7.2,4.6
01/12/14,1.8,16.7,5.6,4.2
02/12/14,2.3,8.3,2.2,6.1
03/12/14,3.8,8.9,5.6,5.1
04/12/14,0,8.3,2.2,4.5
05/12/14,14,10,1.7,4.5
06/12/14,31.5,11.1,5,3.3
07/12/14,1.3,6.7,-0.5,9.7
08/12/14,0,2.8,-3.2,6.9
09/12/14,77.2,8.9,2.8,9.8
10/12/14,2.8,5.6,1.1,7.3
11/12/14,0,4.4,0,7.5
12/12/14,0,5,0.6,7
13/12/14,0,8.3,1.1,7.3
14/12/14,0,8.3,2.8,5.3
15/12/14,0,8.9,1.1,2.2
16/12/14,7.6,10,0.6,1.8
17/12/14,0.8,12.8,6.1,5.7
18/12/14,0,6.7,3.3,7.2
19/12/14,0,4.4,0,6.5
20/12/14,0,1.1,-0.5,2.9
21/12/14,0,3.3,0.6,3.2
22/12/14,1,8.9,2.8,3.8
23/12/14,5.3,10,8.3,5.1
24/12/14,26.7,13.9,8.3,4.7
25/12/14,1.5,13.9,5.6,7.6
26/12/14,0,10.6,3.3,4.7
27/12/14,0,12.2,2.8,2.8
28/12/14,1.3,12.2,5.6,4.7
29/12/14,0,7.8,1.7,4.9
30/12/14,0,2.2,-2.1,4.2
31/12/14,0,1.1,-2.1,5.3
01/01/15,0,4.4,-2.1,7.7
02/01/15,0,7.2,1.7,6.1
03/01/15,23.9,8.3,-1,4.1
04/01/15,11.9,12.8,6.1,4.5
05/01/15,0,10.6,-4.9,8.8
06/01/15,1.8,-4.9,-7.1,3.8
07/01/15,0,-3.8,-12.1,9.6
08/01/15,0,-5.5,-13.2,7.7
09/01/15,1.8,1.1,-6,8.8
10/01/15,0,-4.3,-7.7,7.4
11/01/15,0,3.3,-6.6,4.9
12/01/15,17.8,4.4,1.1,2.7
13/01/15,0,2.8,-7.1,6.8
14/01/15,0,0.6,-7.1,5.2
15/01/15,0,1.7,-2.7,4.4
16/01/15,0,7.2,-6.6,8.2
17/01/15,0,0,-7.7,4.7
18/01/15,41.1,8.3,-2.7,2.8
19/01/15,0,7.2,1.7,6.8
20/01/15,0,5,0,5.4
21/01/15,0,3.3,-3.2,2.7
22/01/15,0,5,-0.5,3.6
23/01/15,0,3.9,-2.1,4.7
24/01/15,19.1,4.4,0.6,5.1
25/01/15,0,7.2,0,6.7
26/01/15,8.4,0,-4.3,8.2
27/01/15,7.9,-2.7,-6.6,8.5
28/01/15,0,0.6,-8.2,6.2
29/01/15,0.3,2.8,-8.2,3.7
30/01/15,1,3.3,-7.1,8.4
31/01/15,0,-2.7,-9.9,10.3
01/02/15,0.8,2.2,-6,3.9
02/02/15,30,1.7,-9.3,8.5
03/02/15,0,-3.2,-9.9,6.4
04/02/15,0,3.9,-5.5,6.1
05/02/15,0,3.9,-9.3,8.8
06/02/15,0,-2.7,-10.5,6.3
07/02/15,0,2.8,-3.8,3.7
08/02/15,0,5.6,-1.6,3.9
09/02/15,3.6,-1.6,-3.2,7.7
10/02/15,0,4.4,-3.2,6.9
11/02/15,0,1.7,-4.9,4.5
12/02/15,0,4.4,-7.7,5.9
13/02/15,0,-4.9,-12.7,8.4
14/02/15,0.3,1.7,-8.8,4.7
15/02/15,0.3,-2.7,-14.9,12.4
16/02/15,0,-4.9,-14.9,6.6
17/02/15,4.8,-2.7,-8.8,3.1
18/02/15,0,-0.5,-9.3,2.6
19/02/15,0,-2.7,-12.7,9.5
20/02/15,0,-6,-16,8.4
21/02/15,15,0.6,-11.6,4.4
22/02/15,5.1,6.1,0,1.8
23/02/15,0,3.3,-12.7,8.5
24/02/15,0,-2.1,-13.8,4.2
25/02/15,0,2.8,-7.1,4.8
26/02/15,0,0,-4.9,5.7
27/02/15,0,0,-6.6,4.6
28/02/15,0,-0.5,-9.3,3.7
01/03/15,13,0.6,-6.6,2.1
02/03/15,0,3.9,-2.1,6.8
03/03/15,17.8,2.2,-7.1,4
04/03/15,7.6,5,0.6,4.9
05/03/15,18.5,5,-6,5.9
06/03/15,0,-3.8,-10.5,4.3
07/03/15,0,2.8,-8.8,5.3
08/03/15,0,8.9,-1,4.4
09/03/15,0.5,12.2,0,3.8
10/03/15,12.4,10,1.1,1.4
11/03/15,0.5,16.7,4.4,5.2
12/03/15,0,10,2.2,8.8
13/03/15,0,5,-1,3.6
14/03/15,28.2,9.4,3.9,4
15/03/15,0,7.8,2.8,9
16/03/15,0,10,2.2,3.9
17/03/15,0.5,15.6,1.1,8.2
18/03/15,0,5,-1,8.4
19/03/15,0,6.7,-1,5.3
20/03/15,8.4,4.4,-0.5,4.6
21/03/15,0.5,8.9,-1,4.1
22/03/15,0,7.2,-2.1,7.7
23/03/15,0,5,-4.3,6.9
24/03/15,0,6.1,-3.2,3.8
25/03/15,3,7.8,-1,2.5
26/03/15,6.4,12.2,5,4.2
27/03/15,5.8,8.3,5,4.9
28/03/15,0,5.6,-2.1,7.8
29/03/15,0,7.8,-2.7,6.1
30/03/15,0,14.4,2.2,6.7
31/03/15,0.8,8.9,2.8,5.3
01/04/15,0,11.7,1.1,5.1
02/04/15,0,13.9,0.6,6.4
03/04/15,2.8,15,7.8,3.4
04/04/15,0,13.3,6.7,9.3
05/04/15,0,18.3,3.3,5.8
06/04/15,0,15.6,3.9,4.7
07/04/15,0.8,13.9,6.7,3.8
08/04/15,0.3,9.4,2.2,6.5
09/04/15,0,6.7,3.3,5.1
10/04/15,4.8,14.4,4.4,3.7
11/04/15,0,16.1,7.2,7.5
12/04/15,0,16.1,6.1,4
13/04/15,0,16.7,6.1,6.4
14/04/15,1,18.9,10,2.6
15/04/15,0,22.2,10,5.4
16/04/15,0,15.6,8.9,4.9
17/04/15,2.8,20.6,11.1,4.4
18/04/15,0,22.8,10.6,4.1
19/04/15,0,16.7,8.3,5.4
20/04/15,22.1,14.4,8.3,7
21/04/15,1.5,19.4,10,5.4
22/04/15,4.8,17.2,7.8,6.2
23/04/15,0,12.2,5.6,8.4
24/04/15,0,11.1,3.9,9.7
25/04/15,0,15,3.9,4.8
26/04/15,0,15,6.1,4.7
27/04/15,0,17.2,9.4,6.6
28/04/15,0,21.7,10.6,6.1
29/04/15,0,25,10,5.3
30/04/15,0,17.2,8.9,5.6
01/05/15,0,13.3,8.3,3.6
02/05/15,0,16.1,6.1,3.1
03/05/15,0,19.4,7.8,3.4
04/05/15,0,23.3,10,4.5
05/05/15,0,27.8,12.8,2.4
06/05/15,0,21.1,12.2,3.4
07/05/15,0,22.2,10.6,2.8
08/05/15,0,22.2,11.7,2.6
09/05/15,0.5,17.8,14.4,2.8
10/05/15,0,23.3,14.4,4.3
11/05/15,0,25,16.7,4.2
12/05/15,0.3,30.6,18.3,5.7
13/05/15,0,22.8,12.8,7.4
14/05/15,0,21.7,10.6,5.2
15/05/15,0,21.7,11.7,5.1
16/05/15,10.4,21.1,14.4,2.3
17/05/15,0,27.2,16.1,2.9
18/05/15,0,20,13.9,4.3
19/05/15,0,23.9,13.9,2.5
20/05/15,0,20.6,12.2,7.1
21/05/15,0,16.7,11.1,2.8
22/05/15,0,26.1,12.2,6.1
23/05/15,0,20,10.6,6.6
24/05/15,0,23.3,11.7,6.3
25/05/15,0,25,13.9,5.7
26/05/15,0,24.4,15.6,5.7
27/05/15,0,23.3,16.1,6.3
28/05/15,0,25.6,15.6,3.4
29/05/15,0,26.7,17.2,3.3
30/05/15,0,25.6,16.7,6.2
31/05/15,0.5,26.1,17.2,4.6
01/06/15,19.8,17.2,11.1,5.4
02/06/15,8.6,13.3,10.6,4.5
03/06/15,0,20,11.7,3.9
04/06/15,0,19.4,12.8,5.1
05/06/15,0,20.6,13.9,2.4
06/06/15,5.1,26.1,15,4
07/06/15,0,21.7,13.3,4
08/06/15,0.5,22.8,16.1,8.1
09/06/15,0,29.4,17.8,6.1
10/06/15,0,26.1,18.3,4.9
11/06/15,0,30.6,18.9,4.3
12/06/15,0,29.4,21.7,4.6
13/06/15,0,31.1,19.4,4.8
14/06/15,7.9,30,18.9,3.6
15/06/15,27.7,27.2,18.9,3.7
16/06/15,2,26.1,18.9,3
17/06/15,0,27.2,18.9,4.3
18/06/15,0,21.7,18.3,3.6
19/06/15,0,31.7,19.4,3
20/06/15,8.1,23.9,19.4,4.7
21/06/15,13,32.2,21.7,5.8
22/06/15,0,31.7,23.3,5.1
23/06/15,0.5,31.7,22.2,4.9
24/06/15,0,30,20.6,4.9
25/06/15,0,27.8,19.4,4.1
26/06/15,0,27.2,20.6,3
27/06/15,25.9,21.7,16.7,5.3
28/06/15,7.6,24.4,17.8,4.6
29/06/15,0,26.1,17.8,5.6
30/06/15,0,27.2,18.9,5.4
01/07/15,6.6,29.4,21.7,6.1
02/07/15,0.8,26.7,20.6,2.4
03/07/15,0,27.8,18.3,3.8
04/07/15,0.3,26.7,19.4,2.6
05/07/15,0,27.2,19.4,4.4
06/07/15,0,28.3,20.6,3.5
07/07/15,0,28.9,23.3,5.2
08/07/15,13.5,31.7,23.3,3.3
09/07/15,8.1,25,22.2,3.8
10/07/15,0,30,22.8,4.7
11/07/15,0,30,21.1,3.3
12/07/15,0,30,21.7,3.6
13/07/15,0,28.9,22.2,3.2
14/07/15,3.3,26.7,22.8,2.6
15/07/15,1,27.8,22.8,3.8
16/07/15,0,26.1,18.9,4.6
17/07/15,0,26.7,19.4,5.4
18/07/15,0.5,28.3,22.8,5.1
19/07/15,0,31.7,23.9,4.3
20/07/15,0,35,26.1,4.7
21/07/15,0,31.7,24.4,4.3
22/07/15,0,31.7,22.2,6
23/07/15,0,31.1,21.1,4.4
24/07/15,0,30.6,20,3.6
25/07/15,0,28.9,21.1,3.9
26/07/15,0,30.6,21.7,6
27/07/15,0,29.4,23.9,4.1
28/07/15,0,31.7,22.8,3.9
29/07/15,0,35,23.3,4.5
30/07/15,24.6,29.4,24.4,5.1
31/07/15,0,33.9,22.8,3.6
01/08/15,0,32.8,23.3,5.6
02/08/15,0,30.6,21.1,3.6
03/08/15,0,31.7,21.7,5.9
04/08/15,0.3,33.3,21.1,5.2
05/08/15,0,32.8,21.7,4.7
06/08/15,0,30,20.6,3
07/08/15,0,30,20.6,3.6
08/08/15,0,28.3,19.4,3
09/08/15,0,30.6,18.9,3.9
10/08/15,0,27.2,20,4.3
11/08/15,28.7,27.2,22.2,6
12/08/15,0,31.1,22.8,5
13/08/15,0,30.6,20.6,3.4
14/08/15,0,30,18.9,3.7
15/08/15,0,31.1,21.1,4.6
16/08/15,0,32.2,23.3,3.2
17/08/15,0,32.8,23.3,4.1
18/08/15,0,30,23.9,5.5
19/08/15,0,30,24.4,4.7
20/08/15,0,30.6,25,5.9
21/08/15,63,30.6,22.8,3.8
22/08/15,0,30,21.1,3.9
23/08/15,0,28.3,20.6,2.3
24/08/15,0,28.9,21.7,3.4
25/08/15,0.3,29.4,23.9,5
26/08/15,0,28.9,20,4.5
27/08/15,0,28.3,20,4.2
28/08/15,0,27.8,17.8,3
29/08/15,0,28.9,20,3.9
30/08/15,0,28.9,20.6,4.3
31/08/15,0,32.8,23.9,5.1
01/09/15,0,30.6,22.8,3.1
02/09/15,0,30,21.7,3.9
03/09/15,0,33.9,22.8,2.4
04/09/15,0,29.4,21.1,4.9
05/09/15,0,27.2,17.2,3.1
06/09/15,0,26.7,16.7,3.1
07/09/15,0,30,21.1,5.4
08/09/15,0,32.8,22.8,5.7
09/09/15,1.8,30.6,23.9,5
10/09/15,30,26.1,21.7,3.6
11/09/15,0.8,27.8,18.9,4.5
12/09/15,6.9,26.7,20,5.2
13/09/15,1,26.1,16.7,5.5
14/09/15,0,25.6,15.6,6.3
15/09/15,0,26.7,16.7,3.4
16/09/15,0,28.9,16.7,1.9
17/09/15,0,28.9,17.8,2.8
18/09/15,0,28.3,18.3,3.1
19/09/15,0,26.7,20,4.1
20/09/15,0,26.7,17.8,6.3
21/09/15,0,22.2,15,4.7
22/09/15,0,22.8,17.2,4.3
23/09/15,0,26.7,14.4,2.6
24/09/15,0,28.3,15,3.4
25/09/15,0,23.9,17.2,4.1
26/09/15,0,22.8,15,4.7
27/09/15,0,22.2,13.3,3.2
28/09/15,1,26.1,16.1,2.7
29/09/15,3.3,26.7,20.6,3.3
30/09/15,20.8,25.6,15.6,7.3
01/10/15,2,16.1,13.3,6.7
02/10/15,46,13.9,10,8.3
03/10/15,4.1,13.9,10.6,8.7
04/10/15,0,18.9,12.2,6.9
05/10/15,0,19.4,11.7,5.3
06/10/15,0,23.3,10.6,2.6
07/10/15,0,21.7,13.9,3.2
08/10/15,0,21.1,12.8,2.8
09/10/15,7.1,23.3,16.1,6
10/10/15,0,18.9,11.1,4.2
11/10/15,0,20,10,4.3
12/10/15,0,22.2,11.7,3.8
13/10/15,0,23.3,15.6,4.2
14/10/15,0,21.1,14.4,5.2
15/10/15,0,18.3,11.1,5
16/10/15,0,18.9,12.2,5.5
17/10/15,0,14.4,6.1,6.2
18/10/15,0,11.7,3.3,5.9
19/10/15,0,11.1,2.2,4.9
20/10/15,0,21.1,9.4,7
21/10/15,0,21.7,11.1,2.7
22/10/15,0,21.1,11.7,4.2
23/10/15,0,18.9,6.7,6.5
24/10/15,0,15,5.6,4.2
25/10/15,0.5,21.1,9.4,6.5
26/10/15,0,15.6,7.2,3
27/10/15,0,15,5.6,3.5
28/10/15,45.5,20,11.1,8.8
29/10/15,1.5,23.3,15,6.9
30/10/15,0,17.2,8.3,6.1
31/10/15,0,12.8,4.4,3
01/11/15,0,17.8,12.2,5.4
02/11/15,0,18.3,10.6,2.2
03/11/15,0,21.1,7.2,2
04/11/15,0,20.6,10,2.8
05/11/15,0.3,20.6,11.7,1.6
06/11/15,0,23.9,16.7,4.2
07/11/15,0,21.1,12.8,5
08/11/15,0,15.6,6.1,4.4
09/11/15,0,15,3.9,1.5
10/11/15,11.4,15,11.7,5.4
11/11/15,2.3,15,10,5.7
12/11/15,1.3,15.6,11.1,4.9
13/11/15,0,16.1,8.9,9.1
14/11/15,0,10.6,5.6,7.8
15/11/15,0,15,4.4,5.7
16/11/15,0,20.6,7.2,4.1
17/11/15,0,11.7,4.4,3.6
18/11/15,0,15.6,6.1,5
19/11/15,14.7,17.2,14.4,8.5
20/11/15,0,17.2,7.2,5.7
21/11/15,0,12.8,5.6,4.7
22/11/15,0,14.4,6.7,5.8
23/11/15,0,7.8,1.7,6.8
24/11/15,0,8.9,-0.5,3.1
25/11/15,0,10.6,0,1.7
26/11/15,0,15.6,1.7,2.9
27/11/15,0,17.2,6.1,2.4
28/11/15,0.5,18.3,7.8,3.6
29/11/15,0,10,3.3,5.1
30/11/15,0,10,1.1,4
01/12/15,7.4,11.7,7.8,4.9
02/12/15,3,13.9,8.3,2
03/12/15,0,13.3,7.2,7.2
04/12/15,0,11.7,5,4.7
05/12/15,0,11.7,1.7,2.4
06/12/15,0,10.6,3.3,2.9
07/12/15,0,12.8,4.4,3.4
08/12/15,0,10.6,4.4,3.5
09/12/15,0,12.8,1.1,3.4
10/12/15,0,15,8.9,3
11/12/15,0,14.4,7.8,2.7
12/12/15,0,17.8,9.4,1.9
13/12/15,0,21.1,11.7,3.1
14/12/15,9.1,16.1,11.7,4.8
15/12/15,2.3,17.8,11.7,8.2
16/12/15,1.3,11.7,7.2,4.1
17/12/15,29.7,15,10,4.1
18/12/15,0.3,14.4,3.9,6.1
19/12/15,0,5,2.2,9
20/12/15,0,6.7,1.7,5.1
21/12/15,0,12.8,3.3,5.3
22/12/15,4.8,15.6,11.1,3.8
23/12/15,29.5,17.2,8.9,4.5
24/12/15,0.5,20.6,13.9,4.9
25/12/15,2.5,17.8,11.1,0.9
26/12/15,0.3,15.6,9.4,4.8
27/12/15,2,17.2,8.9,5.5
28/12/15,1.3,8.9,1.7,6.3
29/12/15,16.8,9.4,1.1,5.3
30/12/15,9.4,10.6,5,3
31/12/15,1.5,11.1,6.1,5.5